"code_ogr","libelle_env_travail","code_type_section_env_trav","libelle_type_section_env_trav","statut"
"140978","Espace collaboratif (FabLab, Espace public numérique EPN, Espace de coworking, ...)","1","STRUCTURES","1"
"200029","Industrie de santé","2","SECTEURS","1"
"200030","Autorité de régulation","1","STRUCTURES","1"
"23374","Au domicile de l'intervenant","3","CONDITIONS","1"
"23375","Au domicile de particulier","3","CONDITIONS","1"
"23376","Au pied des installations","3","CONDITIONS","1"
"23377","En environnement climatique difficile","3","CONDITIONS","1"
"23378","En extérieur","3","CONDITIONS","1"
"23379","En grande hauteur","3","CONDITIONS","1"
"23380","En salle blanche","3","CONDITIONS","1"
"23381","En salle de pilotage, cabine de commande","3","CONDITIONS","1"
"23382","En sous-sol","3","CONDITIONS","1"
"23383","En zone à atmosphère contrôlée","3","CONDITIONS","1"
"23384","En zone à risques chimiques (toxicité, corrosivité, explosibilité, ...)","3","CONDITIONS","1"
"23385","En zone frigorifique","3","CONDITIONS","1"
"23386","Accessoires de mode","2","SECTEURS","1"
"23387","Activités maritimes spécialisées (recherche, avitaillement off-shore, ...)","2","SECTEURS","1"
"23388","Administration / Services de l'État","2","SECTEURS","1"
"23389","Administration pénitentiaire","2","SECTEURS","1"
"23390","Aérien","2","SECTEURS","1"
"23391","Aéronautique, spatial","2","SECTEURS","1"
"23392","Aéronavale","2","SECTEURS","1"
"23393","Agencement, décoration intérieure","2","SECTEURS","1"
"23394","Agriculture","2","SECTEURS","1"
"23395","Alimentaire","2","SECTEURS","1"
"23396","Alimentation animale","2","SECTEURS","1"
"23397","Aménagement d'espaces verts, de parcs et de jardins","2","SECTEURS","1"
"23398","Ameublement","2","SECTEURS","1"
"23399","Aquaculture","2","SECTEURS","1"
"23400","Arme Blindée","2","SECTEURS","1"
"23401","Armée","2","SECTEURS","1"
"23402","Armée de l'air","2","SECTEURS","1"
"23403","Armée de Terre","2","SECTEURS","1"
"23404","Armement","2","SECTEURS","1"
"23405","Artillerie","2","SECTEURS","1"
"23406","Arts de la table","2","SECTEURS","1"
"23407","Arts plastiques","2","SECTEURS","1"
"23408","Assurance","2","SECTEURS","1"
"23409","Audiovisuel","2","SECTEURS","1"
"23410","Automobile","2","SECTEURS","1"
"23411","Balnéothérapie","2","SECTEURS","1"
"23412","Banque","2","SECTEURS","1"
"23413","Banque de réseau","2","SECTEURS","1"
"23414","Banque privée","2","SECTEURS","1"
"23415","Bâtiment domestique","2","SECTEURS","1"
"23416","Bâtiment gros oeuvre","2","SECTEURS","1"
"23417","Bâtiment industriel","2","SECTEURS","1"
"23418","Bâtiment second oeuvre","2","SECTEURS","1"
"23419","Bâtiment tertiaire","2","SECTEURS","1"
"23420","Bâtiment et Travaux Publics -BTP-","2","SECTEURS","1"
"23421","Béton (armé, manufacturé, précontraint)","2","SECTEURS","1"
"23422","Bijouterie, joaillerie","2","SECTEURS","1"
"23423","Blanchisserie industrielle","2","SECTEURS","1"
"23424","Bois, ameublement","2","SECTEURS","1"
"23425","Boissons, alcools","2","SECTEURS","1"
"23426","Bonneterie","2","SECTEURS","1"
"23427","Boulangerie, pâtisserie industrielle","2","SECTEURS","1"
"23428","Broderie","2","SECTEURS","1"
"23429","Bureautique","2","SECTEURS","1"
"23430","Carrosserie","2","SECTEURS","1"
"23431","Chapellerie","2","SECTEURS","1"
"23432","Charcuterie","1","STRUCTURES","1"
"23433","Chaudronnerie, tuyauterie","2","SECTEURS","1"
"23434","Chauffage","2","SECTEURS","1"
"23435","Chaussure","2","SECTEURS","1"
"23436","Chimie","2","SECTEURS","1"
"23437","Chimie fine","2","SECTEURS","1"
"23438","Chimie minérale","2","SECTEURS","1"
"23439","Chimie organique","2","SECTEURS","1"
"23440","Chocolat, confiserie","2","SECTEURS","1"
"23441","Cinéma","2","SECTEURS","1"
"23442","Combustibles","2","SECTEURS","1"
"23443","Commerce","2","SECTEURS","1"
"23444","Commerce de gros","2","SECTEURS","1"
"23445","Commerce/grande distribution","2","SECTEURS","1"
"23446","Commerce/vente","2","SECTEURS","1"
"23447","Commissionnaire en douane","2","SECTEURS","1"
"23448","Communication","2","SECTEURS","1"
"23449","Conditionnement, emballage","2","SECTEURS","1"
"23450","Confection textile","2","SECTEURS","1"
"23451","Conserves, surgelés","2","SECTEURS","1"
"23452","Constructeur de matériel informatique","2","SECTEURS","1"
"23453","Construction navale","2","SECTEURS","1"
"23454","Corderie","2","SECTEURS","1"
"23455","Coutellerie","2","SECTEURS","1"
"23456","Cuisines professionnelles","2","SECTEURS","1"
"23457","Cycle, motocycle","2","SECTEURS","1"
"23458","Défense nationale","2","SECTEURS","1"
"23459","Démolition","2","SECTEURS","1"
"23460","Dentelle","2","SECTEURS","1"
"23461","Dépannage sur route","2","SECTEURS","1"
"23462","Discount","2","SECTEURS","1"
"23463","Distribution de journaux et publicité","2","SECTEURS","1"
"23464","Distribution d'eau potable","2","SECTEURS","1"
"23465","Distribution d'électricité","2","SECTEURS","1"
"23466","Douanes","2","SECTEURS","1"
"23467","Eau","2","SECTEURS","1"
"23468","Éclairage public","2","SECTEURS","1"
"23469","Éco-industrie","2","SECTEURS","1"
"23470","Éditeur multimédia","2","SECTEURS","1"
"23471","Edition","2","SECTEURS","1"
"23472","Edition textile","2","SECTEURS","1"
"23473","Éducation / Enseignement","2","SECTEURS","1"
"23474","Électricité","2","SECTEURS","1"
"23475","Électromécanique","2","SECTEURS","1"
"23476","Électroménager","2","SECTEURS","1"
"23477","Électronique","2","SECTEURS","1"
"23478","Élevage de coquillages et crustacés","1","STRUCTURES","1"
"23479","Emploi","2","SECTEURS","1"
"23480","Énergie, nucléaire, fluide","2","SECTEURS","1"
"23481","Ennoblissement textile","2","SECTEURS","1"
"23482","Enseigne/signalétique","2","SECTEURS","1"
"23483","Enseignement privé hors contrat","2","SECTEURS","1"
"23484","Enseignement privé sous contrat","2","SECTEURS","1"
"23485","Environnement","2","SECTEURS","1"
"23486","Équipement sanitaire","2","SECTEURS","1"
"23487","Évènementiel","2","SECTEURS","1"
"23488","Fabrication de chalets et de maisons à ossature bois","2","SECTEURS","1"
"23489","Fabrication de charpentes","2","SECTEURS","1"
"23490","Fabrication de jouets en bois","2","SECTEURS","1"
"23491","Fabrication de panneaux bois et dérivés","2","SECTEURS","1"
"23492","Fabrication de parquets, lambris, moulures, ...","2","SECTEURS","1"
"23493","Fabrication de produits textiles (tricotage, tissage, non-tissé)","2","SECTEURS","1"
"23494","Fabrication de revêtements de sols (moquette, …)","2","SECTEURS","1"
"23495","Fabrication d'emballages","2","SECTEURS","1"
"23496","Fabrication et réparation de systèmes horlogers","2","SECTEURS","1"
"23497","Façonnage/routage","2","SECTEURS","1"
"23498","Ferroviaire","2","SECTEURS","1"
"23499","Filature","2","SECTEURS","1"
"23500","Filterie","2","SECTEURS","1"
"23501","Finance","2","SECTEURS","1"
"23502","Fonderie, forge","2","SECTEURS","1"
"23503","Froid commercial","2","SECTEURS","1"
"23504","Froid et conditionnement d'air","2","SECTEURS","1"
"23505","Froid industriel","2","SECTEURS","1"
"23506","Fusilier marin / Fusilier commando","2","SECTEURS","1"
"23507","Ganterie","2","SECTEURS","1"
"23508","Gaz","2","SECTEURS","1"
"23509","Gendarmerie Nationale","2","SECTEURS","1"
"23510","Génie civil","2","SECTEURS","1"
"23511","Génie militaire","2","SECTEURS","1"
"23512","Grande pêche","2","SECTEURS","1"
"23513","Guipage/Passementerie","2","SECTEURS","1"
"23514","Habillement et accessoires","2","SECTEURS","1"
"23515","Habillement, cuir, textile","2","SECTEURS","1"
"23516","Haute couture","2","SECTEURS","1"
"23517","Horlogerie","2","SECTEURS","1"
"23518","Horticulture - maraîchage","2","SECTEURS","1"
"23519","Hôtellerie","2","SECTEURS","1"
"23520","Huiles, corps gras, margarines","2","SECTEURS","1"
"23521","Hydroélectrique","2","SECTEURS","1"
"23522","Hydrothérapie","2","SECTEURS","1"
"23523","Immobilier","2","SECTEURS","1"
"23524","Imprimerie","2","SECTEURS","1"
"23525","Imprimerie de labeur","2","SECTEURS","1"
"23526","Imprimerie de presse","2","SECTEURS","1"
"23527","Imprimerie d'édition","2","SECTEURS","1"
"23528","Industrie","2","SECTEURS","1"
"23529","Industrie céramique","2","SECTEURS","1"
"23530","Industrie cosmétique","2","SECTEURS","1"
"23531","Industrie du papier, carton","2","SECTEURS","1"
"23532","Industrie graphique","2","SECTEURS","1"
"23533","Industrie mécanique du bois","2","SECTEURS","1"
"23534","Information et communication","2","SECTEURS","1"
"23535","Informatique et télécommunications","2","SECTEURS","1"
"23536","Instrumentation médicale","2","SECTEURS","1"
"23537","Internet et Multimédia","2","SECTEURS","1"
"23538","Jouets","2","SECTEURS","1"
"23539","Lait, produits laitiers","2","SECTEURS","1"
"23540","Légion étrangère","2","SECTEURS","1"
"23541","Levage, manutention","2","SECTEURS","1"
"23542","Linge de maison","2","SECTEURS","1"
"23543","Loisirs","2","SECTEURS","1"
"23544","Machinisme","2","SECTEURS","1"
"23545","Maintenance","2","SECTEURS","1"
"23546","Maréchalerie","2","SECTEURS","1"
"23547","Marine marchande","2","SECTEURS","1"
"23548","Marine Nationale","2","SECTEURS","1"
"23549","Maritime, fluvial","2","SECTEURS","1"
"23550","Maroquinerie","2","SECTEURS","1"
"23551","Matériaux de construction","2","SECTEURS","1"
"23552","Mécanique, travail des métaux","2","SECTEURS","1"
"23553","Médecine nucléaire","2","SECTEURS","1"
"23554","Médical","2","SECTEURS","1"
"23555","Médicosocial","2","SECTEURS","1"
"23556","Médico-technique","2","SECTEURS","1"
"23557","Menuiserie industrielle","2","SECTEURS","1"
"23558","Métallurgie, sidérurgie","2","SECTEURS","1"
"23559","Meunerie, café","2","SECTEURS","1"
"23560","Microélectronique","2","SECTEURS","1"
"23561","Micromécanique","2","SECTEURS","1"
"23562","Mode","2","SECTEURS","1"
"23563","Monnaie, titre et poinçon","2","SECTEURS","1"
"23564","Motoculture de plaisance","2","SECTEURS","1"
"23565","Moulinage","2","SECTEURS","1"
"23566","Nanoélectronique","2","SECTEURS","1"
"23567","Nautisme","2","SECTEURS","1"
"23568","Optique, optronique","2","SECTEURS","1"
"23569","Orfèvrerie","2","SECTEURS","1"
"23570","Papeterie","2","SECTEURS","1"
"23571","Papiers à usage graphique (papier journal, papier d'écriture, ...)","2","SECTEURS","1"
"23572","Papiers industriels et spéciaux (fiduciaire, papier filtre, papier abrasif, ...)","2","SECTEURS","1"
"23573","Parachimie","2","SECTEURS","1"
"23574","Parapharmacie","2","SECTEURS","1"
"23575","Parfumerie","2","SECTEURS","1"
"23576","Patrimoine culturel et historique","2","SECTEURS","1"
"23577","Pêche","2","SECTEURS","1"
"23578","Pêche au large","2","SECTEURS","1"
"23579","Pêche côtière","2","SECTEURS","1"
"23580","Pelleterie","2","SECTEURS","1"
"23581","Petite enfance","2","SECTEURS","1"
"23582","Pétrochimie","2","SECTEURS","1"
"23583","Pétrole","2","SECTEURS","1"
"23584","Pisciculture","2","SECTEURS","1"
"23585","Plasturgie, caoutchouc, composites","2","SECTEURS","1"
"23586","Plâtre","2","SECTEURS","1"
"23587","Poissonnerie","1","STRUCTURES","1"
"23588","Police de l'air et des frontières","2","SECTEURS","1"
"23589","Police judiciaire","2","SECTEURS","1"
"23590","Police militaire","2","SECTEURS","1"
"23591","Police nationale","2","SECTEURS","1"
"23592","Police Nationale et Gendarmerie Nationale","2","SECTEURS","1"
"23593","Première transformation du bois","2","SECTEURS","1"
"23594","Prépresse","2","SECTEURS","1"
"23595","Presse","2","SECTEURS","1"
"23596","Prêt à porter","2","SECTEURS","1"
"23597","Prêt-à-porter","2","SECTEURS","1"
"23598","Production et distribution d'électricité, de gaz et d'eau","2","SECTEURS","1"
"23599","Produits à base de céréales","2","SECTEURS","1"
"23600","Produits culturels (disques, DVD, ...)","2","SECTEURS","1"
"23601","Produits de la mer","2","SECTEURS","1"
"23602","Propreté, nettoyage","2","SECTEURS","1"
"23603","Publicité","2","SECTEURS","1"
"23604","Puériculture","2","SECTEURS","1"
"23605","Quincaillerie, droguerie","2","SECTEURS","1"
"23606","Radio","2","SECTEURS","1"
"23607","Radiologie conventionnelle","2","SECTEURS","1"
"23608","Radiologie vasculaire","2","SECTEURS","1"
"23609","Recherche et développement","2","SECTEURS","1"
"23615","Renseignement","2","SECTEURS","1"
"23616","Réparations automobile et d'articles domestiques","2","SECTEURS","1"
"23617","Reprographie","2","SECTEURS","1"
"23618","Réseau d'assainissement","2","SECTEURS","1"
"23619","Réseau ferré","2","SECTEURS","1"
"23620","Réseau routier, autoroutier","2","SECTEURS","1"
"23621","Résidentiel","2","SECTEURS","1"
"23622","Restauration","2","SECTEURS","1"
"23623","Retoucherie","1","STRUCTURES","1"
"23624","Revêtements textiles (tapis de sols et moquettes en aiguilleté, ...)","2","SECTEURS","1"
"23625","Santé et action sociale","2","SECTEURS","1"
"23626","Scientifique","2","SECTEURS","1"
"23627","Scierie","2","SECTEURS","1"
"23628","Seconde transformation du bois","2","SECTEURS","1"
"23629","Secours et assistance à personnes","2","SECTEURS","1"
"23630","Sécurité routière","2","SECTEURS","1"
"23631","Sécurité, hygiène, environnement","2","SECTEURS","1"
"23632","Sellerie","2","SECTEURS","1"
"23633","Serrurerie et fermetures extérieures","2","SECTEURS","1"
"23634","Service de Soins Infirmiers à domicile -SSIAD-","1","STRUCTURES","1"
"23635","Service funéraire","2","SECTEURS","1"
"23636","Services","2","SECTEURS","1"
"23637","Services à la personne","2","SECTEURS","1"
"23638","Spectacle","2","SECTEURS","1"
"23639","Spectacle vivant","2","SECTEURS","1"
"23640","Sport et loisirs","2","SECTEURS","1"
"23641","Structures métalliques","2","SECTEURS","1"
"23642","Sucre","2","SECTEURS","1"
"23643","Surgelés","2","SECTEURS","1"
"23644","Surveillance du territoire","2","SECTEURS","1"
"23645","Sylviculture","2","SECTEURS","1"
"23646","Tannerie, mégisserie","2","SECTEURS","1"
"23647","Téléphonie","2","SECTEURS","1"
"23648","Télévision","2","SECTEURS","1"
"23649","Thalassothérapie","2","SECTEURS","1"
"23650","Thermalisme","2","SECTEURS","1"
"23651","Tissage","2","SECTEURS","1"
"23652","Tourisme","2","SECTEURS","1"
"23653","Tourisme rural","2","SECTEURS","1"
"23654","Transformation des matériaux","2","SECTEURS","1"
"23655","Transport (aérien, ferroviaire, maritime, ...)","2","SECTEURS","1"
"23656","Transport de marchandises","2","SECTEURS","1"
"23657","Transport de personnes","2","SECTEURS","1"
"23658","Transport d'électricité","2","SECTEURS","1"
"23659","Transport/logistique","2","SECTEURS","1"
"23660","Travaux publics","2","SECTEURS","1"
"23661","Troupes parachutistes","2","SECTEURS","1"
"23662","Tuile et brique en terre","2","SECTEURS","1"
"23663","Tuiles et briques en béton","2","SECTEURS","1"
"23664","Vaisselle","2","SECTEURS","1"
"23665","Véhicules industriels","2","SECTEURS","1"
"23666","Véhicules particuliers","2","SECTEURS","1"
"23667","Vente par correspondance","2","SECTEURS","1"
"23668","Verre","2","SECTEURS","1"
"23669","Verre creux (emballage, bouteilles, ...)","2","SECTEURS","1"
"23670","Verre de silice (verre de manipulation pour laboratoire, ...)","2","SECTEURS","1"
"23671","Verre plat (vitrage, bâtiment, automobile, ...)","2","SECTEURS","1"
"23672","Verre technique (optique, écrans de télévision, ampoules, vitrocéramique, ...)","2","SECTEURS","1"
"23673","Verre, matériaux de construction","2","SECTEURS","1"
"23674","Verrerie d'art","2","SECTEURS","1"
"23675","Vêtements de protection","2","SECTEURS","1"
"23676","Viande","2","SECTEURS","1"
"23677","Voiries et Réseaux Divers -VRD-","2","SECTEURS","1"
"23678","Abattoir","1","STRUCTURES","1"
"23679","Aciérie","1","STRUCTURES","1"
"23680","Aéroclub","1","STRUCTURES","1"
"23681","Aérodrome","1","STRUCTURES","1"
"23682","Aéroport","1","STRUCTURES","1"
"23683","Agence artistique","1","STRUCTURES","1"
"23684","Agence commerciale","1","STRUCTURES","1"
"23685","Agence de castings","1","STRUCTURES","1"
"23686","Agence de communication","1","STRUCTURES","1"
"23687","Agence de design","1","STRUCTURES","1"
"23688","Agence de l'Eau","1","STRUCTURES","1"
"23689","Agence de mannequins","1","STRUCTURES","1"
"23690","Agence de presse","1","STRUCTURES","1"
"23691","Agence de promotion et de marketing direct","1","STRUCTURES","1"
"23692","Agence de publicité","1","STRUCTURES","1"
"23693","Agence de sécurité sanitaire","1","STRUCTURES","1"
"23694","Agence de tourisme","1","STRUCTURES","1"
"23695","Agence de voyages","1","STRUCTURES","1"
"23696","Agence d'évènementiel","1","STRUCTURES","1"
"23697","Agence d'illustration (photothèque)","1","STRUCTURES","1"
"23698","Agence et syndic immobilier","1","STRUCTURES","1"
"23699","Agence littéraire","1","STRUCTURES","1"
"23700","Agence postale","1","STRUCTURES","1"
"23701","Ambassade","1","STRUCTURES","1"
"23702","Animalerie","1","STRUCTURES","1"
"23703","Annonceur","1","STRUCTURES","1"
"23704","Armateur","1","STRUCTURES","1"
"23705","Armurerie","1","STRUCTURES","1"
"23706","Association","1","STRUCTURES","1"
"23707","Association à caractère social","1","STRUCTURES","1"
"23708","Association culturelle ou de loisirs","1","STRUCTURES","1"
"23709","Association de protection de la nature","1","STRUCTURES","1"
"23710","Association d'insertion","1","STRUCTURES","1"
"23711","Association familiale","1","STRUCTURES","1"
"23712","Atelier d'artiste","1","STRUCTURES","1"
"23713","Atelier de confection","1","STRUCTURES","1"
"23714","Atelier de décors","1","STRUCTURES","1"
"23715","Atelier de réparation/Service Après-Vente -SAV-","1","STRUCTURES","1"
"23716","Atelier intégré","1","STRUCTURES","1"
"23717","Bar à thème","1","STRUCTURES","1"
"23718","Bateau école","1","STRUCTURES","1"
"23719","Bibliothèque, centre de documentation","1","STRUCTURES","1"
"23720","Billetterie spectacle (cinéma, théâtre, ...)","1","STRUCTURES","1"
"23721","Boucherie","1","STRUCTURES","1"
"23722","Boucherie-charcuterie","1","STRUCTURES","1"
"23723","Boulangerie","1","STRUCTURES","1"
"23724","Boutique de luxe","1","STRUCTURES","1"
"23725","Boutique, commerce de détail","1","STRUCTURES","1"
"23726","Brasserie","1","STRUCTURES","1"
"23727","Brasserie artisanale","1","STRUCTURES","1"
"23728","Brigade de contrôle et de recherche","1","STRUCTURES","1"
"23729","Brocante","1","STRUCTURES","1"
"23730","Bureau de change de devise","1","STRUCTURES","1"
"23731","Bureau de contrôle technique","1","STRUCTURES","1"
"23732","Bureau de coordonnateurs Sécurité et Protection de la Santé -SPS-","1","STRUCTURES","1"
"23733","Bureau de design intégré","1","STRUCTURES","1"
"23734","Bureau de style, de tendance","1","STRUCTURES","1"
"23735","Bureau d'études et d'ingénierie","1","STRUCTURES","1"
"23736","Cabane à crêpes","1","STRUCTURES","1"
"23737","Cabaret","1","STRUCTURES","1"
"23738","Cabinet comptable","1","STRUCTURES","1"
"23739","Cabinet d'architectes","1","STRUCTURES","1"
"23740","Cabinet de courtage en assurances","1","STRUCTURES","1"
"23741","Cabinet de géomètres","1","STRUCTURES","1"
"23742","Cabinet de métrés","1","STRUCTURES","1"
"23743","Cabinet de recrutement","1","STRUCTURES","1"
"23744","Cabinet dentaire","1","STRUCTURES","1"
"23745","Cabinet d'expertise maritime","1","STRUCTURES","1"
"23746","Cabinet d'ophtalmologie","1","STRUCTURES","1"
"23747","Cabinet d'orthophonie","1","STRUCTURES","1"
"23748","Cabinet d'orthoptie","1","STRUCTURES","1"
"23749","Cabinet juridique","1","STRUCTURES","1"
"23750","Cabinet médical","1","STRUCTURES","1"
"23751","Café, bar","1","STRUCTURES","1"
"23752","Caisse d'assurance maladie","1","STRUCTURES","1"
"23753","Caisse de retraite et de prévoyance","1","STRUCTURES","1"
"23754","Casino","1","STRUCTURES","1"
"23755","Cave d'affinage","1","STRUCTURES","1"
"23756","Cave vinicole","1","STRUCTURES","1"
"23757","Cellule conseil de la douane","1","STRUCTURES","1"
"23758","Centrale d'achat","1","STRUCTURES","1"
"23759","Centrale de béton prêt à l'emploi","1","STRUCTURES","1"
"23760","Centrale de réservation","1","STRUCTURES","1"
"23761","Centrale de traitement d'enrobés","1","STRUCTURES","1"
"23762","Centrale nucléaire","1","STRUCTURES","1"
"23763","Centre auto, service rapide","1","STRUCTURES","1"
"23764","Centre d'adaptation à la vie active","1","STRUCTURES","1"
"23765","Établissement et service d'aide par le travail (ESAT)","1","STRUCTURES","1"
"23766","Centre d'appels","1","STRUCTURES","1"
"23767","Centre de bilan de compétences","1","STRUCTURES","1"
"23768","Centre de contrôle régional","1","STRUCTURES","1"
"23769","Centre de contrôle technique automobile","1","STRUCTURES","1"
"23770","Centre de formation des apprentis","1","STRUCTURES","1"
"23771","Centre de formation pour adultes","1","STRUCTURES","1"
"23772","Accueil de loisirs sans hébergement","1","STRUCTURES","1"
"23773","Service de santé au travail","1","STRUCTURES","1"
"23774","Centre de Protection Maternelle et Infantile","1","STRUCTURES","1"
"23776","Centre de rééducation et de réadaptation fonctionnelle","1","STRUCTURES","1"
"23777","Centre de remise en forme","1","STRUCTURES","1"
"23778","Centre de santé","1","STRUCTURES","1"
"23779","Centre de Surveillance du Commerce Électronique (CSCE)","1","STRUCTURES","1"
"23780","Accueil collectif de mineurs (ACM)","1","STRUCTURES","1"
"23781","Centre d'enseignement à distance","1","STRUCTURES","1"
"23782","Centre des impôts","1","STRUCTURES","1"
"23783","Centre d'imagerie médicale","1","STRUCTURES","1"
"23784","Centre d'information et d'orientation","1","STRUCTURES","1"
"23785","Centre d'insémination","1","STRUCTURES","1"
"23786","Centre du renseignement, d'orientation et de contrôle","1","STRUCTURES","1"
"23787","Centre équestre / Club hippique","1","STRUCTURES","1"
"23788","Centre médico-psychologique","1","STRUCTURES","1"
"23789","Centre Régional de la Propriété Forestière","1","STRUCTURES","1"
"23790","Centre socioculturel","1","STRUCTURES","1"
"23791","Centre technique agréé","1","STRUCTURES","1"
"23792","Cercle de jeux","1","STRUCTURES","1"
"23793","Chaîne de télévision","1","STRUCTURES","1"
"23794","Champignonnière","1","STRUCTURES","1"
"23795","Chenil","1","STRUCTURES","1"
"23796","Chocolaterie","1","STRUCTURES","1"
"23797","Cidrerie","1","STRUCTURES","1"
"23798","Cimenterie","1","STRUCTURES","1"
"23799","Cinéma art et essai","1","STRUCTURES","1"
"23800","Cinéma en plein air","1","STRUCTURES","1"
"23801","Cinéma généraliste","1","STRUCTURES","1"
"23802","Cinéma itinérant","1","STRUCTURES","1"
"23803","Cinéma multiplexe","1","STRUCTURES","1"
"23804","Cinémathèque","1","STRUCTURES","1"
"23805","Cirque","1","STRUCTURES","1"
"23806","Club du troisième âge","1","STRUCTURES","1"
"23807","Club sportif","1","STRUCTURES","1"
"23808","Collectivité territoriale","1","STRUCTURES","1"
"23809","Collège","1","STRUCTURES","1"
"23810","Comité d'entreprise","1","STRUCTURES","1"
"23811","Commissionnaire de transport","1","STRUCTURES","1"
"23812","Communauté d'agglomération","1","STRUCTURES","1"
"23813","Communauté de communes","1","STRUCTURES","1"
"23814","Communauté urbaine","1","STRUCTURES","1"
"23815","Commune de - de 5000 habitants","1","STRUCTURES","1"
"23816","Commune de + de 20000 habitants","1","STRUCTURES","1"
"23817","Commune de + de 3500 habitants","1","STRUCTURES","1"
"23818","Commune de 5000 à 20000 habitants","1","STRUCTURES","1"
"23819","Compagnie aérienne","1","STRUCTURES","1"
"23820","Compagnie aérienne avion-taxi","1","STRUCTURES","1"
"23821","Compagnie artistique (théâtre, danse, arts de la rue, ...)","1","STRUCTURES","1"
"23822","Compagnie d'assurances/mutuelle","1","STRUCTURES","1"
"23823","Compagnie de transport maritime","1","STRUCTURES","1"
"23824","Compagnie fluviale de tourisme","1","STRUCTURES","1"
"23825","Compagnie pétrolière/gazière","1","STRUCTURES","1"
"23826","Concession automobile","1","STRUCTURES","1"
"23827","Confiserie","1","STRUCTURES","1"
"23828","Conseil de Prud'hommes","1","STRUCTURES","1"
"23829","Conseil général","1","STRUCTURES","1"
"23830","Conseil régional","1","STRUCTURES","1"
"23831","Constructeur aéronautique","1","STRUCTURES","1"
"23832","Consulat","1","STRUCTURES","1"
"23833","Coopérative agricole","1","STRUCTURES","1"
"23834","Coopérative forestière","1","STRUCTURES","1"
"23835","Cordonnerie multiservices","1","STRUCTURES","1"
"23836","Cordonnerie traditionnelle","1","STRUCTURES","1"
"23837","Cour d'appel","1","STRUCTURES","1"
"23838","Cour d'assises","1","STRUCTURES","1"
"23839","Cour de cassation","1","STRUCTURES","1"
"23840","Crèmerie / fromagerie","1","STRUCTURES","1"
"23841","Crêperie","1","STRUCTURES","1"
"23842","Cuisine centrale","1","STRUCTURES","1"
"23843","Débit de tabac","1","STRUCTURES","1"
"23844","Déchetterie","1","STRUCTURES","1"
"23845","Dépôt-vente","1","STRUCTURES","1"
"23847","Direction départementale des affaires sanitaires et sociales","1","STRUCTURES","1"
"23848","Direction générale de la concurrence, de la consommation et de la répression des fraudes","1","STRUCTURES","1"
"23849","Direction générale de l'aviation civile","1","STRUCTURES","1"
"23850","Direction générale des impôts","1","STRUCTURES","1"
"23852","Direction Régionale des Affaires Sanitaires et Sociales","1","STRUCTURES","1"
"23853","École de conduite","1","STRUCTURES","1"
"23854","École d'enseignement artistique et conservatoire","1","STRUCTURES","1"
"23855","École maternelle et primaire","1","STRUCTURES","1"
"23856","Écurie de course auto/moto","1","STRUCTURES","1"
"23857","Élevage de canidés (chiens, ...)","1","STRUCTURES","1"
"23858","Élevage de félidés (chats, ...)","1","STRUCTURES","1"
"23859","Élevage de gastéropodes (escargots, ...)","1","STRUCTURES","1"
"23860","Élevage de gibiers (sangliers, chevreuils, lièvres, faisans, ...)","1","STRUCTURES","1"
"23861","Élevage de mustélidés (visons, ...)","1","STRUCTURES","1"
"23862","Élevage de reptiles (crocodiles, serpents, ...)","1","STRUCTURES","1"
"23863","Élevage de rongeurs (rats, souris, gerbilles, ...)","1","STRUCTURES","1"
"23864","Élevage d'estive","1","STRUCTURES","1"
"23865","Élevage d'insectes (abeilles, ...)","1","STRUCTURES","1"
"23866","Élevage d'oiseaux (autruches, perroquets, ...)","1","STRUCTURES","1"
"23867","Entreprise","1","STRUCTURES","1"
"23868","Entreprise alimentaire","1","STRUCTURES","1"
"23869","Entreprise aquacole","1","STRUCTURES","1"
"23870","Entreprise artisanale","1","STRUCTURES","1"
"23871","Entreprise commerciale","1","STRUCTURES","1"
"23872","Entreprise d'activités maritimes/portuaires","1","STRUCTURES","1"
"23873","Entreprise de déménagement","1","STRUCTURES","1"
"23874","Entreprise de fabrication d'articles textiles","1","STRUCTURES","1"
"23875","Entreprise de fabrication d'instruments de musique","1","STRUCTURES","1"
"23876","Entreprise de fabrication/réparation d'articles en cuir","1","STRUCTURES","1"
"23877","Entreprise de forage/extraction","1","STRUCTURES","1"
"23878","Entreprise de levage, manutention","1","STRUCTURES","1"
"23879","Entreprise de location de bateau de plaisance fluviale avec équipage","1","STRUCTURES","1"
"23880","Entreprise de location de matériels","1","STRUCTURES","1"
"23881","Entreprise de location de véhicules","1","STRUCTURES","1"
"23882","Entreprise de maraîchage","1","STRUCTURES","1"
"23883","Entreprise de mareyage","1","STRUCTURES","1"
"23884","Entreprise de messagerie/fret express","1","STRUCTURES","1"
"23885","Entreprise de services funéraires","1","STRUCTURES","1"
"23886","Entreprise de taille de pierres","1","STRUCTURES","1"
"23887","Entreprise de transfert industriel","1","STRUCTURES","1"
"23888","Entreprise de transport","1","STRUCTURES","1"
"23889","Entreprise de transport de personnes","1","STRUCTURES","1"
"23890","Entreprise de transport exceptionnel","1","STRUCTURES","1"
"23891","Entreprise de transport ferroviaire","1","STRUCTURES","1"
"23892","Entreprise de transport fluvial","1","STRUCTURES","1"
"23893","Entreprise de transport fluvial de marchandises","1","STRUCTURES","1"
"23894","Entreprise de transport fluvial de personnes","1","STRUCTURES","1"
"23895","Entreprise de transport maritime de marchandises","1","STRUCTURES","1"
"23896","Entreprise de transport maritime de personnes","1","STRUCTURES","1"
"23897","Entreprise de transport multimodal (fret maritime, fluvial, ferroviaire, ...)","1","STRUCTURES","1"
"23898","Entreprise de transport routier","1","STRUCTURES","1"
"23899","Entreprise de transport sanitaire","1","STRUCTURES","1"
"23900","Entreprise de transport/messagerie/groupage","1","STRUCTURES","1"
"23901","Entreprise de travail temporaire","1","STRUCTURES","1"
"23902","Entreprise de travaux agricoles","1","STRUCTURES","1"
"23903","Entreprise de Travaux Agricoles /parcs et jardins","1","STRUCTURES","1"
"23904","Entreprise de travaux forestiers","1","STRUCTURES","1"
"23905","Entreprise d'édition phonographique","1","STRUCTURES","1"
"23906","Entreprise d'insertion","1","STRUCTURES","1"
"23907","Entreprise du paysage","1","STRUCTURES","1"
"23908","Entreprise horticole","1","STRUCTURES","1"
"23909","Entreprise industrielle","1","STRUCTURES","1"
"23910","Entreprise industrielle de transformation","1","STRUCTURES","1"
"23911","Entreprise Moyenne","1","STRUCTURES","1"
"23912","Entreprise publique/établissement public","1","STRUCTURES","1"
"23913","Équipementier du transport (aéronef, car, train, ...)","1","STRUCTURES","1"
"23914","Établissement bancaire et financier","1","STRUCTURES","1"
"23915","Établissement de jeux","1","STRUCTURES","1"
"23916","Établissement de nuit (discothèque, cabaret, ...)","1","STRUCTURES","1"
"23917","Établissement de restauration mobile (bateau de croisière, train, ...)","1","STRUCTURES","1"
"23918","Établissement de restauration rapide","1","STRUCTURES","1"
"23919","Établissement de soins vétérinaires","1","STRUCTURES","1"
"23920","Établissement d'enseignement spécialisé","1","STRUCTURES","1"
"23921","Établissement du sang","1","STRUCTURES","1"
"23922","Établissement médical (hôpital, clinique, ...)","1","STRUCTURES","1"
"23923","Établissement pénitentiaire","1","STRUCTURES","1"
"23924","Établissement scolaire","1","STRUCTURES","1"
"23925","Établissement/organisme de recherche","1","STRUCTURES","1"
"23926","Étude de commissaire-priseur","1","STRUCTURES","1"
"23927","Étude d'huissier","1","STRUCTURES","1"
"23928","Étude notariale","1","STRUCTURES","1"
"23929","Exploitation agricole","1","STRUCTURES","1"
"23930","Exploitation arboricole","1","STRUCTURES","1"
"23931","Exploitation cidricole","1","STRUCTURES","1"
"23932","Exploitation forestière","1","STRUCTURES","1"
"23933","Exploitation viticole / vinicole","1","STRUCTURES","1"
"23934","Fabricant assembleur","1","STRUCTURES","1"
"23935","Fabricant d'appareillage auditif","1","STRUCTURES","1"
"23936","Fabricant de matériel/mobilier médical","1","STRUCTURES","1"
"23937","Fédération sportive","1","STRUCTURES","1"
"23938","Ferme d'élevage","1","STRUCTURES","1"
"23939","Ferme expérimentale","1","STRUCTURES","1"
"23940","Fondation","1","STRUCTURES","1"
"23941","Force navale et sous-marine","1","STRUCTURES","1"
"23942","Foyer / centre d'hébergement","1","STRUCTURES","1"
"23943","Foyer rural","1","STRUCTURES","1"
"23944","Fromagerie artisanale","1","STRUCTURES","1"
"23945","Fromagerie industrielle","1","STRUCTURES","1"
"23946","Galerie d'art","1","STRUCTURES","1"
"23947","Garage automobile","1","STRUCTURES","1"
"23948","Garde-meuble","1","STRUCTURES","1"
"23949","Grand magasin","1","STRUCTURES","1"
"23950","Grande entreprise","1","STRUCTURES","1"
"23951","Grande et Moyenne Surface -GMS-","1","STRUCTURES","1"
"23952","Grande Surface Alimentaire -GSA-","1","STRUCTURES","1"
"23953","Grande Surface de Bricolage -GSB-","1","STRUCTURES","1"
"23954","Grande Surface Spécialisée -GSS-","1","STRUCTURES","1"
"23955","Groupement de propriétaires forestiers","1","STRUCTURES","1"
"23956","Haras","1","STRUCTURES","1"
"23957","Hôtel","1","STRUCTURES","1"
"23958","Hôtel 1 étoile","1","STRUCTURES","1"
"23959","Hôtel 2 étoiles","1","STRUCTURES","1"
"23960","Hôtel 3 étoiles","1","STRUCTURES","1"
"23961","Hôtel 4 étoiles","1","STRUCTURES","1"
"23962","Hôtel 5 étoiles","1","STRUCTURES","1"
"23963","Hôtel économique","1","STRUCTURES","1"
"23964","Hôtel non homologué ou non classé","1","STRUCTURES","1"
"23965","Hôtellerie de plein air","1","STRUCTURES","1"
"23966","Hôtellerie mobile (bateau de croisière, ...)","1","STRUCTURES","1"
"23967","Hypermarché (2500 m² et +)","1","STRUCTURES","1"
"23969","Industrie manufacturière","1","STRUCTURES","1"
"23970","Infrastructure sportive","1","STRUCTURES","1"
"23971","Inspection du Travail et des Transports","1","STRUCTURES","1"
"23972","Inspection du Travail, de l'Emploi et de la Politique Sociale Agricole","1","STRUCTURES","1"
"23973","Installateur-intégrateur courants faibles","1","STRUCTURES","1"
"23974","Institut de beauté","1","STRUCTURES","1"
"23975","Organisme de formation","1","STRUCTURES","1"
"23976","Institut de l'élevage","1","STRUCTURES","1"
"23977","Institut de médecine légale","1","STRUCTURES","1"
"23978","Institution parlementaire","1","STRUCTURES","1"
"23979","Jardinerie","1","STRUCTURES","1"
"23980","Juridiction (tribunal de commerce, ...)","1","STRUCTURES","1"
"23981","Kiosque à journaux","1","STRUCTURES","1"
"23982","Kiosque à pizzas","1","STRUCTURES","1"
"23983","Laboratoire cinématographique","1","STRUCTURES","1"
"23984","Laboratoire d'analyses","1","STRUCTURES","1"
"23985","Laboratoire d'analyses médicales","1","STRUCTURES","1"
"23986","Laboratoire d'audioprothèse","1","STRUCTURES","1"
"23987","Laboratoire de prothèse dentaire","1","STRUCTURES","1"
"23988","Laboratoire de recherche","1","STRUCTURES","1"
"23989","Laboratoire pharmaceutique","1","STRUCTURES","1"
"23990","Laboratoire photographique","1","STRUCTURES","1"
"23991","Lactarium","1","STRUCTURES","1"
"23992","Librairie, papeterie","1","STRUCTURES","1"
"23993","Lycée d'enseignement général","1","STRUCTURES","1"
"23994","Lycée d'enseignement professionnel, technologique","1","STRUCTURES","1"
"23995","Magasin d'antiquités","1","STRUCTURES","1"
"23996","Magasin d'instruments de musique","1","STRUCTURES","1"
"23997","Magasin d'optique","1","STRUCTURES","1"
"23998","Magasin populaire","1","STRUCTURES","1"
"23999","Maison de jeu de commerce","1","STRUCTURES","1"
"24000","Maison des jeunes","1","STRUCTURES","1"
"24001","Maison familiale rurale","1","STRUCTURES","1"
"24002","Manade","1","STRUCTURES","1"
"24003","Manufacture","1","STRUCTURES","1"
"24004","Marché d'Intérêt National -MIN-","1","STRUCTURES","1"
"24005","Marché, foire exposition","1","STRUCTURES","1"
"24006","Mess (Armée)","1","STRUCTURES","1"
"24007","Ministère / Administration centrale","1","STRUCTURES","1"
"24008","Mission locale (PAIO, ...)","1","STRUCTURES","1"
"24010","Office du tourisme","1","STRUCTURES","1"
"24011","Office National des Forêts","1","STRUCTURES","1"
"24012","Orchestre","1","STRUCTURES","1"
"24013","Organe de presse","1","STRUCTURES","1"
"24014","Organisation humanitaire","1","STRUCTURES","1"
"24015","Organisation Non Gouvernementale -ONG-","1","STRUCTURES","1"
"24016","Organisme culturel, du patrimoine","1","STRUCTURES","1"
"24017","Organisme de contrôle et de certification","1","STRUCTURES","1"
"24018","Organisme de crédit","1","STRUCTURES","1"
"24019","Organisme de logement","1","STRUCTURES","1"
"24020","Organisme de protection sociale","1","STRUCTURES","1"
"24021","Organisme d'études et de sondage","1","STRUCTURES","1"
"24022","Organisme d'études techniques","1","STRUCTURES","1"
"24023","Organisme géographique","1","STRUCTURES","1"
"24024","Organisme patronal/consulaire","1","STRUCTURES","1"
"24025","Organisme professionnel","1","STRUCTURES","1"
"24026","Paquebot de croisière","1","STRUCTURES","1"
"24027","Parc animalier","1","STRUCTURES","1"
"24028","Parc d'attractions","1","STRUCTURES","1"
"24029","Parc de loisirs","1","STRUCTURES","1"
"24030","Parc de stationnement","1","STRUCTURES","1"
"24031","Parc naturel","1","STRUCTURES","1"
"24032","Pâtisserie","1","STRUCTURES","1"
"24033","Pépinière","1","STRUCTURES","1"
"24034","Pharmacie","1","STRUCTURES","1"
"24035","Pharmacie à Usage Interne d'établissement de soins","1","STRUCTURES","1"
"24036","Pizzeria","1","STRUCTURES","1"
"24037","Plantations de tabac, de cannes à sucre","1","STRUCTURES","1"
"24038","Plateau de tournage (cinéma, télévision)","1","STRUCTURES","1"
"24039","Plate-forme logistique","1","STRUCTURES","1"
"24040","Plate-forme téléphonique","1","STRUCTURES","1"
"24041","Point chaud, terminal de cuisson","1","STRUCTURES","1"
"24042","Préfecture de département","1","STRUCTURES","1"
"24043","Préfecture de région","1","STRUCTURES","1"
"24044","Pressing","1","STRUCTURES","1"
"24045","Promoteur, constructeur","1","STRUCTURES","1"
"24046","Recette des finances","1","STRUCTURES","1"
"24047","Régie de quartier","1","STRUCTURES","1"
"24048","Répartiteur pharmaceutique","1","STRUCTURES","1"
"24049","Réseau de transport d'énergie","1","STRUCTURES","1"
"24050","Résidence de personnes âgées","1","STRUCTURES","1"
"24051","Résidence de tourisme","1","STRUCTURES","1"
"24052","Résidence hôtelière","1","STRUCTURES","1"
"24053","Restaurant à thème","1","STRUCTURES","1"
"24054","Restaurant de collectivité","1","STRUCTURES","1"
"24055","Restaurant gastronomique","1","STRUCTURES","1"
"24056","Restaurant traditionnel","1","STRUCTURES","1"
"24057","Salle de jeux","1","STRUCTURES","1"
"24058","Salle de projection privée / salle de vision","1","STRUCTURES","1"
"24059","Salle de spectacles","1","STRUCTURES","1"
"24060","Salle polyvalente, salle des fêtes","1","STRUCTURES","1"
"24061","Salon de coiffure","1","STRUCTURES","1"
"24062","Salon de thé","1","STRUCTURES","1"
"24063","Service de conservation des hypothèques","1","STRUCTURES","1"
"24064","Service de la Protection Judiciaire de la Jeunesse","1","STRUCTURES","1"
"24065","Service de l'Emploi Pénitentiaire","1","STRUCTURES","1"
"24066","Service de téléphonie sociale","1","STRUCTURES","1"
"24067","Service d'incendie et de secours","1","STRUCTURES","1"
"24068","Service pénitentiaire d'insertion et de probation","1","STRUCTURES","1"
"24069","Service spécialisé d'urgence médicale","1","STRUCTURES","1"
"24071","Site de traitement de granulats","1","STRUCTURES","1"
"24072","Site de transit (gare, zone de fret, ...)","1","STRUCTURES","1"
"24073","Site de transit (port, aéroport, ...)","1","STRUCTURES","1"
"24074","Site de transit (port, aéroport, gare, ...)","1","STRUCTURES","1"
"24075","Site d'entreposage","1","STRUCTURES","1"
"24076","Site portuaire","1","STRUCTURES","1"
"24077","Société d'assistance aéroportuaire","1","STRUCTURES","1"
"24078","Société d'autoroute","1","STRUCTURES","1"
"24079","Société de bourse","1","STRUCTURES","1"
"24080","Société de collecte et de traitement des déchets","1","STRUCTURES","1"
"24081","Société de conseil","1","STRUCTURES","1"
"24082","Société de conseil et gestion de patrimoine","1","STRUCTURES","1"
"24083","Société de course express","1","STRUCTURES","1"
"24084","Société de gestion de tutelle","1","STRUCTURES","1"
"24085","Société de post-production cinématographique","1","STRUCTURES","1"
"24086","Société de production audiovisuelle, cinématographique","1","STRUCTURES","1"
"24087","Société de production de spectacles","1","STRUCTURES","1"
"24088","Société de réassurance","1","STRUCTURES","1"
"24089","Société de sécurité","1","STRUCTURES","1"
"24091","Société de service d'aide à domicile","1","STRUCTURES","1"
"24092","Société de service logistique","1","STRUCTURES","1"
"24093","Société de services","1","STRUCTURES","1"
"24094","Société de services d'assainissement","1","STRUCTURES","1"
"24095","Entreprise de Services Numériques - ESN","1","STRUCTURES","1"
"24097","Société de taxis","1","STRUCTURES","1"
"24098","Société de transport international","1","STRUCTURES","1"
"24099","Société de Travail Aérien","1","STRUCTURES","1"
"24100","Société d'économie mixte","1","STRUCTURES","1"
"24101","Société d'exploitation des remontées mécaniques","1","STRUCTURES","1"
"24102","Société d'investissement","1","STRUCTURES","1"
"24103","Société gestionnaire de pont à péage","1","STRUCTURES","1"
"24104","Société immobilière","1","STRUCTURES","1"
"24105","Sous-préfecture","1","STRUCTURES","1"
"24106","Station de montagne","1","STRUCTURES","1"
"24107","Station de radio","1","STRUCTURES","1"
"24108","Station-service","1","STRUCTURES","1"
"24109","Structure d'accueil petite enfance","1","STRUCTURES","1"
"24110","Structure d'éveil et de jeux (bibliothèque, ludothèque, ...)","1","STRUCTURES","1"
"24111","Studio de création graphique","1","STRUCTURES","1"
"24112","Studio de films d'animation","1","STRUCTURES","1"
"24113","Studio de photographie","1","STRUCTURES","1"
"24114","Studio d'enregistrement radiophonique","1","STRUCTURES","1"
"24115","Supérette (120 à 400m²)","1","STRUCTURES","1"
"24116","Supermarché (400 à 2500m²)","1","STRUCTURES","1"
"24117","Support/régie publicitaire","1","STRUCTURES","1"
"24119","Traiteur","1","STRUCTURES","1"
"24120","Trésorerie","1","STRUCTURES","1"
"24121","Tribunal administratif","1","STRUCTURES","1"
"24122","Tribunal correctionnel","1","STRUCTURES","1"
"24123","Tribunal de commerce","1","STRUCTURES","1"
"24124","Tribunal de grande instance","1","STRUCTURES","1"
"24125","Tribunal de police","1","STRUCTURES","1"
"24126","Tribunal d'instance","1","STRUCTURES","1"
"24127","Université/école d'ingénieurs/grande école","1","STRUCTURES","1"
"24128","Village vacances","1","STRUCTURES","1"
"24129","Voyagiste (tour opérateur)","1","STRUCTURES","1"
"24166","Entreprise salicole","1","STRUCTURES","1"
"24167","Salon de toilettage","1","STRUCTURES","1"
"24838","Agent commercial","3","CONDITIONS","1"
"24839","Éducation/Enseignement","2","SECTEURS","1"
"24840","Établissement thermal","1","STRUCTURES","1"
"24844","Travail en indépendant","3","CONDITIONS","1"
"24845","Vendeur à Domicile Indépendant (VDI)","3","CONDITIONS","1"
"28981","VRP exclusif","3","CONDITIONS","1"
"28982","VRP multicartes","3","CONDITIONS","1"
"38055","Travail de nuit","3","CONDITIONS","1"
"38056","Travail en extra","3","CONDITIONS","1"
"38126","Logement assuré par l'employeur","3","CONDITIONS","1"
"38127","Particulier employeur","1","STRUCTURES","1"
"38313","Recyclage","2","SECTEURS","1"
"38546","Ressourcerie","1","STRUCTURES","1"
"38677","Drive en grande distribution","1","STRUCTURES","1"
"38678","Opérateur de réseaux câblés de communications électroniques","1","STRUCTURES","1"
"38679","Studio de développement de jeux vidéo","1","STRUCTURES","1"
"38748","Gravure industrielle","2","SECTEURS","1"
"38799","Silo","1","STRUCTURES","1"
"38863","Centre Véhicules hors d'usage - VHU","1","STRUCTURES","1"
